时间,股票,价格,分析
2026-04-11 15:00:48,1,11.09,"在判断是否值得买入股票时，需要考虑多个因素，包括当前价格、支撑位、压力位、市场趋势、公司基本面等。根据你提供的信息，我们可以做出以下分析：

1. **当前价格与支撑位**：当前价格为11.09，而支撑位为10.43。如果价格接近支撑位，理论上可以成为买入的好时机，因为支撑位通常代表一个价格水平，买家可能会在此处增加购买。

2. **当前价格与压力位**：当前价格为11.09，压力位为11.32。如果价格接近压力位，在没有强烈的市场因素支撑的情况下，可能面临一定的抛售压力。

3. **技术面分析**：如果当前价格在支撑位以上，并且有上涨的趋势，则可能值得考虑买入。但如果市场表现乏力或有下降趋势，即使在支撑位附近，也需谨慎。

4. **基本面分析**：了解公司的基本面因素，比如财务状况、行业前景、市场竞争等，这会对投资决策有很大影响。

### 建议：
- 观察当前市场趋势和股票的交易量。如果价格开始走强，并突破压力位11.32，可以考虑适量买入。
- 如果你对市场或公司基本面有信心，并且认为支撑位10.43是合理的底部，则可以考虑在当前价格附近买入，针对支撑位进行防守。
- 设定止损位，管理风险，以免价格下跌到支撑位以下时带来较大损失。

最后，请结合自己的风险承受能力和投资策略做出最终决策。投资有风险，需谨慎行事。"
2026-04-11 15:23:00,000001,11.09,"在判断是否值得买入股票时，可以考虑以下几个因素：

1. **当前价格与支撑位的关系**：当前价格为11.09，支撑位为10.43，当前价格高于支撑位，说明股价在一定程度上有支撑，理论上风险相对较小。

2. **压力位分析**：压力位为11.32，当前价格距离压力位较近。如果股价接近压力位的情况下，可能会面临阻力，短期内上行空间有限。

3. **风险和收益**：如果买入该股票，利润的潜在空间在于股价突破11.32的压力位，而亏损的风险则是下跌至支撑位10.43。如果突破压力位，可能会有更好的上涨机会。

4. **市场和行业环境**：还要考虑整个市场的走向和该股票所在行业的走势。市场气氛和行业发展会对股价产生很大的影响。

5. **个人投资策略**：根据个人的风险承受能力、投资期限和整体资产配置策略，决定是否买入。

### 建议：
- 如果你看好未来的市场趋势并且能接受短期波动，可以考虑在价格接近支撑位时逐步建仓，并观察是否突破压力位。
- 如果你更倾向于稳健投资，等待股价突破11.32并确认能够站稳其上之后再入场，可能会更加保险。

请在做出投资决策前，综合考虑各项因素，并根据自身情况做出判断。"
